<?xml version="1.0" encoding="UTF-8"?>
<navigationModel
  ns = "http://schemas.android.com?import=com.android.navigation.*">
  <locations  
    class = "java.util.ArrayList">
    <entry>
      <key      
        class = "com.android.navigation.ActivityState"      
        className = "com.rodrigo.lock.app.presentation.Encrypt.ReceiveAndEncryptActivity">
        <location        
          id = "point0"        
          x = "0"        
          y = "0"/>
      </key>
      <value      
        x = "480"      
        y = "4320"      
        class = "com.android.navigation.Point"/>
    </entry>
    <entry>
      <key      
        class = "com.android.navigation.ActivityState"      
        className = "com.rodrigo.lock.app.presentation.InstructionsActivity">
        <location        
          idref = "point0"/>
      </key>
      <value      
        x = "550"      
        y = "4290"      
        class = "com.android.navigation.Point"/>
    </entry>
    <entry>
      <key      
        class = "com.android.navigation.ActivityState"      
        className = "com.rodrigo.lock.app.presentation.ErrorActivity">
        <location        
          idref = "point0"/>
      </key>
      <value      
        x = "600"      
        y = "4340"      
        class = "com.android.navigation.Point"/>
    </entry>
    <entry>
      <key      
        class = "com.android.navigation.ActivityState"      
        className = "com.rodrigo.lock.app.presentation.ConfigActivity">
        <location        
          idref = "point0"/>
      </key>
      <value      
        x = "500"      
        y = "100"      
        class = "com.android.navigation.Point"/>
    </entry>
    <entry>
      <key      
        class = "com.android.navigation.ActivityState"      
        className = "com.rodrigo.lock.app.presentation.SeeMedia.SeeImageActivity">
        <location        
          idref = "point0"/>
      </key>
      <value      
        x = "500"      
        y = "2860"      
        class = "com.android.navigation.Point"/>
    </entry>
    <entry>
      <key      
        class = "com.android.navigation.ActivityState"      
        className = "com.rodrigo.lock.app.presentation.MainActivity">
        <location        
          idref = "point0"/>
      </key>
      <value      
        x = "500"      
        y = "1480"      
        class = "com.android.navigation.Point"/>
    </entry>
    <entry>
      <key      
        class = "com.android.navigation.MenuState"      
        xmlResourceName = "config">
        <location        
          idref = "point0"/>
      </key>
      <value      
        x = "1768"      
        y = "100"      
        class = "com.android.navigation.Point"/>
    </entry>
    <entry>
      <key      
        class = "com.android.navigation.ActivityState"      
        className = "com.rodrigo.lock.app.presentation.DecryptActivity">
        <location        
          idref = "point0"/>
      </key>
      <value      
        x = "650"      
        y = "4390"      
        class = "com.android.navigation.Point"/>
    </entry>
    <entry>
      <key      
        class = "com.android.navigation.MenuState"      
        xmlResourceName = "see_image">
        <location        
          idref = "point0"/>
      </key>
      <value      
        x = "1768"      
        y = "2860"      
        class = "com.android.navigation.Point"/>
    </entry>
    <entry>
      <key      
        class = "com.android.navigation.MenuState"      
        xmlResourceName = "main">
        <location        
          idref = "point0"/>
      </key>
      <value      
        x = "1760"      
        y = "1440"      
        class = "com.android.navigation.Point"/>
    </entry>
  </locations>
</navigationModel>
